IP,DATE,URL
192.168.99.1,02/Jul/2020:04:08:14 +0530,GET /he.html HTTP/1.1
192.168.99.1,02/Jul/2020:04:10:32 +0530,GET /he.html HTTP/1.1
192.168.99.1,02/Jul/2020:04:10:33 +0530,GET /he.html HTTP/1.1
192.168.99.1,02/Jul/2020:04:10:34 +0530,GET /he.html HTTP/1.1
192.168.99.1,02/Jul/2020:04:10:34 +0530,GET /he.html HTTP/1.1
192.168.99.1,02/Jul/2020:04:10:34 +0530,GET /he.html HTTP/1.1
192.168.99.1,02/Jul/2020:04:10:34 +0530,GET /he.html HTTP/1.1
192.168.99.1,02/Jul/2020:04:10:34 +0530,GET /he.html HTTP/1.1
192.168.99.1,02/Jul/2020:04:10:34 +0530,GET /he.html HTTP/1.1
192.168.99.1,02/Jul/2020:04:10:35 +0530,GET /he.html HTTP/1.1
192.168.99.1,02/Jul/2020:04:10:35 +0530,GET /he.html HTTP/1.1
192.168.99.1,02/Jul/2020:04:10:35 +0530,GET /he.html HTTP/1.1
192.168.99.1,02/Jul/2020:04:10:35 +0530,GET /he.html HTTP/1.1
192.168.99.1,02/Jul/2020:04:10:35 +0530,GET /he.html HTTP/1.1
192.168.99.1,02/Jul/2020:04:10:36 +0530,GET /he.html HTTP/1.1
192.168.99.1,02/Jul/2020:04:10:36 +0530,GET /he.html HTTP/1.1
192.168.99.1,02/Jul/2020:04:10:36 +0530,GET /he.html HTTP/1.1
192.168.99.1,02/Jul/2020:04:10:36 +0530,GET /he.html HTTP/1.1
192.168.99.1,02/Jul/2020:04:10:44 +0530,GET /he.html HTTP/1.1
192.168.99.1,02/Jul/2020:04:10:45 +0530,GET /he.html HTTP/1.1
192.168.99.1,02/Jul/2020:04:10:45 +0530,GET /he.html HTTP/1.1
192.168.99.1,02/Jul/2020:04:10:45 +0530,GET /he.html HTTP/1.1
192.168.99.1,02/Jul/2020:04:10:45 +0530,GET /he.html HTTP/1.1
192.168.99.1,02/Jul/2020:04:10:45 +0530,GET /he.html HTTP/1.1
192.168.99.1,02/Jul/2020:04:10:45 +0530,GET /he.html HTTP/1.1
192.168.99.102,02/Jul/2020:04:10:50 +0530,GET /he.php HTTP/1.1
192.168.99.102,02/Jul/2020:04:10:51 +0530,GET /he.php HTTP/1.1
192.168.99.102,02/Jul/2020:04:10:51 +0530,GET /he.php HTTP/1.1
192.168.99.102,02/Jul/2020:04:10:51 +0530,GET /he.php HTTP/1.1
192.168.99.102,02/Jul/2020:04:10:51 +0530,GET /he.php HTTP/1.1
192.168.99.102,02/Jul/2020:04:10:52 +0530,GET /he.php HTTP/1.1
192.168.99.102,02/Jul/2020:04:10:52 +0530,GET /he.php HTTP/1.1
192.168.99.102,02/Jul/2020:04:10:52 +0530,GET /he.php HTTP/1.1
192.168.99.102,02/Jul/2020:04:10:52 +0530,GET /he.php HTTP/1.1
192.168.99.102,02/Jul/2020:04:10:53 +0530,GET /he.php HTTP/1.1
192.168.99.102,02/Jul/2020:04:10:53 +0530,GET /he.php HTTP/1.1
192.168.99.102,02/Jul/2020:04:10:53 +0530,GET /he.php HTTP/1.1
192.168.99.102,02/Jul/2020:04:18:34 +0530,GET /he.php HTTP/1.1
192.168.99.102,02/Jul/2020:04:18:35 +0530,GET /he.php HTTP/1.1
192.168.99.102,02/Jul/2020:04:18:35 +0530,GET /he.php HTTP/1.1
192.168.99.102,02/Jul/2020:04:18:35 +0530,GET /he.php HTTP/1.1
192.168.99.102,02/Jul/2020:04:18:35 +0530,GET /he.php HTTP/1.1
192.168.99.102,02/Jul/2020:04:18:36 +0530,GET /he.php HTTP/1.1
192.168.99.102,02/Jul/2020:04:18:36 +0530,GET /he.php HTTP/1.1
192.168.99.102,02/Jul/2020:04:18:36 +0530,GET /he.php HTTP/1.1
192.168.99.102,02/Jul/2020:04:18:36 +0530,GET /he.php HTTP/1.1
192.168.99.102,02/Jul/2020:04:18:37 +0530,GET /he.php HTTP/1.1
192.168.99.102,02/Jul/2020:04:18:37 +0530,GET /he.php HTTP/1.1
192.168.99.102,02/Jul/2020:04:18:37 +0530,GET /he.php HTTP/1.1
192.168.99.102,02/Jul/2020:04:18:37 +0530,GET /he.php HTTP/1.1
192.168.99.102,02/Jul/2020:04:18:38 +0530,GET /he.php HTTP/1.1
192.168.99.102,02/Jul/2020:04:18:38 +0530,GET /he.php HTTP/1.1
192.168.99.102,02/Jul/2020:04:18:38 +0530,GET /he.php HTTP/1.1
192.168.99.102,02/Jul/2020:04:18:38 +0530,GET /he.php HTTP/1.1
192.168.99.102,02/Jul/2020:04:18:39 +0530,GET /he.php HTTP/1.1
192.168.99.102,02/Jul/2020:04:18:39 +0530,GET /he.php HTTP/1.1
192.168.99.102,02/Jul/2020:04:18:39 +0530,GET /he.php HTTP/1.1
192.168.99.102,02/Jul/2020:04:18:39 +0530,GET /he.php HTTP/1.1
192.168.99.102,02/Jul/2020:04:18:40 +0530,GET /he.php HTTP/1.1
192.168.99.102,02/Jul/2020:04:18:40 +0530,GET /he.php HTTP/1.1
192.168.99.102,02/Jul/2020:04:18:40 +0530,GET /he.php HTTP/1.1
192.168.99.102,02/Jul/2020:04:18:40 +0530,GET /he.php HTTP/1.1
192.168.99.102,02/Jul/2020:04:18:41 +0530,GET /he.php HTTP/1.1
192.168.99.102,02/Jul/2020:04:18:41 +0530,GET /he.php HTTP/1.1
192.168.99.102,02/Jul/2020:04:18:41 +0530,GET /he.php HTTP/1.1
192.168.99.102,02/Jul/2020:04:18:42 +0530,GET /he.php HTTP/1.1
192.168.99.102,02/Jul/2020:04:18:42 +0530,GET /he.php HTTP/1.1
192.168.99.102,02/Jul/2020:04:18:42 +0530,GET /he.php HTTP/1.1
192.168.99.102,02/Jul/2020:04:18:42 +0530,GET /he.php HTTP/1.1
192.168.99.102,02/Jul/2020:04:18:43 +0530,GET /he.php HTTP/1.1
192.168.99.102,02/Jul/2020:04:18:43 +0530,GET /he.php HTTP/1.1
192.168.99.102,02/Jul/2020:04:18:43 +0530,GET /he.php HTTP/1.1
192.168.99.102,02/Jul/2020:04:18:44 +0530,GET /he.php HTTP/1.1
192.168.99.102,02/Jul/2020:04:18:44 +0530,GET /he.php HTTP/1.1
192.168.99.102,02/Jul/2020:04:18:44 +0530,GET /he.php HTTP/1.1
192.168.99.102,02/Jul/2020:04:18:44 +0530,GET /he.php HTTP/1.1
192.168.99.102,02/Jul/2020:04:18:45 +0530,GET /he.php HTTP/1.1
192.168.99.102,02/Jul/2020:04:18:45 +0530,GET /he.php HTTP/1.1
192.168.99.102,02/Jul/2020:04:18:45 +0530,GET /he.php HTTP/1.1
192.168.99.102,02/Jul/2020:04:18:46 +0530,GET /he.php HTTP/1.1
192.168.99.102,02/Jul/2020:04:18:46 +0530,GET /he.php HTTP/1.1
192.168.99.102,02/Jul/2020:04:18:46 +0530,GET /he.php HTTP/1.1
192.168.99.102,02/Jul/2020:04:18:46 +0530,GET /he.php HTTP/1.1
192.168.99.102,02/Jul/2020:04:18:47 +0530,GET /he.php HTTP/1.1
192.168.99.102,02/Jul/2020:04:18:47 +0530,GET /he.php HTTP/1.1
192.168.99.102,02/Jul/2020:04:18:47 +0530,GET /he.php HTTP/1.1
192.168.99.102,02/Jul/2020:04:18:47 +0530,GET /he.php HTTP/1.1
192.168.99.102,02/Jul/2020:04:18:48 +0530,GET /he.php HTTP/1.1
192.168.99.102,02/Jul/2020:04:18:48 +0530,GET /he.php HTTP/1.1
192.168.99.102,02/Jul/2020:04:18:48 +0530,GET /he.php HTTP/1.1
192.168.99.102,02/Jul/2020:04:18:49 +0530,GET /he.php HTTP/1.1
192.168.99.102,02/Jul/2020:04:18:49 +0530,GET /he.php HTTP/1.1
192.168.99.102,02/Jul/2020:04:18:49 +0530,GET /he.php HTTP/1.1
192.168.99.102,02/Jul/2020:04:18:49 +0530,GET /he.php HTTP/1.1
192.168.99.102,02/Jul/2020:04:18:49 +0530,GET /he.php HTTP/1.1
192.168.99.102,02/Jul/2020:04:18:50 +0530,GET /he.php HTTP/1.1
192.168.99.102,02/Jul/2020:04:21:19 +0530,GET /he.php HTTP/1.1
192.168.99.102,02/Jul/2020:04:28:33 +0530,GET /he.php HTTP/1.1
192.168.99.102,02/Jul/2020:04:28:34 +0530,GET /he.php HTTP/1.1
192.168.99.102,02/Jul/2020:04:28:34 +0530,GET /he.php HTTP/1.1
192.168.99.102,02/Jul/2020:04:28:34 +0530,GET /he.php HTTP/1.1
192.168.99.102,02/Jul/2020:04:28:35 +0530,GET /he.php HTTP/1.1
192.168.99.102,02/Jul/2020:04:28:35 +0530,GET /he.php HTTP/1.1
192.168.99.102,02/Jul/2020:04:28:35 +0530,GET /he.php HTTP/1.1
192.168.99.102,02/Jul/2020:04:28:35 +0530,GET /he.php HTTP/1.1
192.168.99.102,02/Jul/2020:04:28:36 +0530,GET /he.php HTTP/1.1
192.168.99.102,02/Jul/2020:04:28:36 +0530,GET /he.php HTTP/1.1
192.168.99.102,02/Jul/2020:04:28:36 +0530,GET /he.php HTTP/1.1
192.168.99.102,02/Jul/2020:04:28:36 +0530,GET /he.php HTTP/1.1
192.168.99.102,02/Jul/2020:04:28:37 +0530,GET /he.php HTTP/1.1
192.168.99.102,02/Jul/2020:04:28:37 +0530,GET /he.php HTTP/1.1
192.168.99.102,02/Jul/2020:04:28:37 +0530,GET /he.php HTTP/1.1
192.168.99.102,02/Jul/2020:04:28:38 +0530,GET /he.php HTTP/1.1
192.168.99.102,02/Jul/2020:04:28:38 +0530,GET /he.php HTTP/1.1
192.168.99.102,02/Jul/2020:04:28:38 +0530,GET /he.php HTTP/1.1
192.168.99.102,02/Jul/2020:04:28:38 +0530,GET /he.php HTTP/1.1
192.168.99.102,02/Jul/2020:04:28:39 +0530,GET /he.php HTTP/1.1
192.168.99.102,02/Jul/2020:04:28:39 +0530,GET /he.php HTTP/1.1
192.168.99.102,02/Jul/2020:04:28:39 +0530,GET /he.php HTTP/1.1
192.168.99.102,02/Jul/2020:04:28:39 +0530,GET /he.php HTTP/1.1
192.168.99.102,02/Jul/2020:04:28:40 +0530,GET /he.php HTTP/1.1
192.168.99.102,02/Jul/2020:04:28:40 +0530,GET /he.php HTTP/1.1
192.168.99.102,02/Jul/2020:04:28:40 +0530,GET /he.php HTTP/1.1
192.168.99.102,02/Jul/2020:04:28:40 +0530,GET /he.php HTTP/1.1
192.168.99.102,02/Jul/2020:04:28:40 +0530,GET /he.php HTTP/1.1
192.168.99.102,02/Jul/2020:04:28:41 +0530,GET /he.php HTTP/1.1
192.168.99.102,02/Jul/2020:04:28:41 +0530,GET /he.php HTTP/1.1
192.168.99.102,02/Jul/2020:04:28:41 +0530,GET /he.php HTTP/1.1
192.168.99.102,02/Jul/2020:04:28:41 +0530,GET /he.php HTTP/1.1
192.168.99.102,02/Jul/2020:04:28:45 +0530,GET /he.php HTTP/1.1
192.168.99.102,02/Jul/2020:04:28:46 +0530,GET /he.php HTTP/1.1
192.168.99.102,02/Jul/2020:04:28:46 +0530,GET /he.php HTTP/1.1
192.168.99.102,02/Jul/2020:04:28:46 +0530,GET /he.php HTTP/1.1
192.168.99.102,02/Jul/2020:04:28:47 +0530,GET /he.php HTTP/1.1
192.168.99.102,02/Jul/2020:04:28:47 +0530,GET /he.php HTTP/1.1
192.168.99.102,02/Jul/2020:04:28:47 +0530,GET /he.php HTTP/1.1
192.168.99.102,02/Jul/2020:04:28:47 +0530,GET /he.php HTTP/1.1
192.168.99.102,02/Jul/2020:04:28:48 +0530,GET /he.php HTTP/1.1
192.168.99.102,02/Jul/2020:04:28:48 +0530,GET /he.php HTTP/1.1
192.168.99.102,02/Jul/2020:04:28:48 +0530,GET /he.php HTTP/1.1
192.168.99.102,02/Jul/2020:04:31:06 +0530,GET /he.php HTTP/1.1
192.168.99.102,02/Jul/2020:04:31:07 +0530,GET /he.php HTTP/1.1
192.168.99.102,02/Jul/2020:04:31:07 +0530,GET /he.php HTTP/1.1
192.168.99.102,02/Jul/2020:04:31:07 +0530,GET /he.php HTTP/1.1
192.168.99.102,02/Jul/2020:04:31:08 +0530,GET /he.php HTTP/1.1
192.168.99.102,02/Jul/2020:04:31:08 +0530,GET /he.php HTTP/1.1
192.168.99.102,02/Jul/2020:04:31:08 +0530,GET /he.php HTTP/1.1
192.168.99.102,02/Jul/2020:04:31:08 +0530,GET /he.php HTTP/1.1
192.168.99.102,02/Jul/2020:04:31:09 +0530,GET /he.php HTTP/1.1
192.168.99.102,02/Jul/2020:04:31:09 +0530,GET /he.php HTTP/1.1
192.168.99.102,02/Jul/2020:04:31:09 +0530,GET /he.php HTTP/1.1
192.168.99.102,02/Jul/2020:04:31:09 +0530,GET /he.php HTTP/1.1
192.168.99.102,02/Jul/2020:04:31:10 +0530,GET /he.php HTTP/1.1
192.168.99.102,02/Jul/2020:04:31:59 +0530,GET /he.php HTTP/1.1
192.168.99.102,02/Jul/2020:04:31:59 +0530,GET /he.php HTTP/1.1
192.168.99.102,02/Jul/2020:04:32:00 +0530,GET /he.php HTTP/1.1
192.168.99.102,02/Jul/2020:04:32:00 +0530,GET /he.php HTTP/1.1
192.168.99.102,02/Jul/2020:04:32:00 +0530,GET /he.php HTTP/1.1
192.168.99.102,02/Jul/2020:04:32:01 +0530,GET /he.php HTTP/1.1
192.168.99.102,02/Jul/2020:04:32:01 +0530,GET /he.php HTTP/1.1
192.168.99.102,02/Jul/2020:04:32:01 +0530,GET /he.php HTTP/1.1
192.168.99.102,02/Jul/2020:04:32:02 +0530,GET /he.php HTTP/1.1
192.168.99.102,02/Jul/2020:04:32:02 +0530,GET /he.php HTTP/1.1
192.168.99.102,02/Jul/2020:04:32:02 +0530,GET /he.php HTTP/1.1
192.168.99.102,02/Jul/2020:04:32:02 +0530,GET /he.php HTTP/1.1
192.168.99.102,02/Jul/2020:04:32:03 +0530,GET /he.php HTTP/1.1
192.168.99.102,02/Jul/2020:04:32:03 +0530,GET /he.php HTTP/1.1
192.168.99.102,02/Jul/2020:04:32:03 +0530,GET /he.php HTTP/1.1
192.168.99.102,02/Jul/2020:04:32:03 +0530,GET /he.php HTTP/1.1
